,zip,region,population,covidDeathsPerCapita
1,90210,West,50509,19.075
2,90221,West,52659,17.728
3,90232,West,50305,18.022
4,90243,West,53724,17.896
5,90254,West,47560,17.165
6,90265,West,50325,17.275
7,90276,West,47920,18.778
8,90287,West,51235,17.785
9,90298,West,51923,17.239
10,90309,West,50978,18.582
11,90320,West,48692,17.184
12,90331,West,50404,17.214
13,90342,West,49532,17.304
14,90353,West,47673,17.415
15,90364,West,56766,18.14
16,90375,West,51777,17.719
17,90386,West,51042,17.635
18,90397,West,46801,17.887
19,90408,West,49731,18.85
20,90419,West,49462,18.529
21,90430,West,52702,19.091
22,90441,West,52503,16.846
23,90452,West,51851,18.995
24,90463,West,51963,17.978
25,90474,West,50632,17.468
26,90485,West,52869,17.243
27,90496,West,48371,17.097
28,90507,West,50371,19.675
29,90518,West,51213,18.643
30,90529,West,51100,17.709
31,90540,West,52421,18.161
32,90551,West,53426,16.753
33,90562,West,50938,17.992
34,90573,West,47951,18.568
35,90584,West,50461,17.305
36,90595,West,49201,18.605
37,90606,West,48393,17.664
38,90617,West,48715,18.647
39,90628,West,51441,16.472
40,90639,West,52205,18.079
41,90650,West,51587,17.841
42,90661,West,52523,18.117
43,90672,West,50126,19.543
44,90683,West,51456,17.682
45,90694,West,50280,16.118
46,90705,West,50187,17.878
47,90716,West,54422,17.05
48,90727,West,51340,17.909
49,90738,West,54225,19.428
50,90749,West,53108,17.005
51,90760,West,48916,18.319
52,90771,West,50729,17.089
53,90782,West,49183,19.152
54,90793,West,52566,18.085
55,90804,West,51079,18.889
56,90815,West,50163,17.905
57,90826,West,52393,17.55
58,90837,West,50363,17.626
59,90848,West,51265,18.326
60,90859,West,49255,18.542
61,90870,West,45239,18.118
62,90881,West,52981,17.932
63,90892,West,53613,17.115
64,90903,West,49852,18.633
65,90914,West,52315,17.78
66,90925,West,54088,17.449
67,90936,West,48159,18.285
68,90947,West,50610,17.539
69,90958,West,50239,17.912
70,90969,West,52919,18.717
71,90980,West,53434,17.995
72,90991,West,51775,17.48
73,91002,West,51958,17.694
74,91013,West,50296,17.739
75,91024,West,51523,17.163
76,91035,West,49901,18.753
77,91046,West,52932,17.344
78,91057,West,51155,18.614
79,91068,West,53709,17.716
80,91079,West,52022,18.821
81,91090,West,50632,15.894
82,91101,West,51175,17.528
83,91112,West,50134,17.65
84,91123,West,50783,16.636
85,91134,West,49929,18.437
86,91145,West,52049,18.674
87,91156,West,52312,17.628
88,91167,West,48453,18.073
89,91178,West,53223,16.802
90,91189,West,51011,16.889
91,91200,West,50720,17.962
92,91211,West,54721,18.256
93,91222,West,50942,17.806
94,91233,West,49325,17.769
95,91244,West,49481,18.064
96,91255,West,53923,18.831
97,91266,West,51649,17.959
98,91277,West,49918,18.931
99,91288,West,52978,18.5
100,91299,West,44883,18.397
101,91310,West,49328,18.405
102,91321,West,49312,17.535
103,91332,West,54639,17.322
104,91343,West,52239,18.045
105,91354,West,51161,17.598
106,91365,West,51790,17.574
107,91376,West,51500,17.282
108,91387,West,51354,18.963
109,91398,West,51087,18.162
110,91409,West,51306,17.417
111,91420,West,51030,17.324
112,91431,West,49706,17.906
113,91442,West,52451,18.484
114,91453,West,51290,17.286
115,91464,West,53828,18.062
116,91475,West,46424,17.9
117,91486,West,51829,17.807
118,91497,West,49991,16.708
119,91508,West,47335,18.342
120,91519,West,50374,18.626
121,91530,West,51286,18.741
122,91541,West,51835,17.31
123,91552,West,54764,18.794
124,91563,West,46554,16.891
125,91574,West,51349,18.499
126,91585,West,50018,17.149
127,91596,West,50393,18.144
128,91607,West,50392,17.219
129,91618,West,48478,18.902
130,91629,West,53087,17.767
131,91640,West,52563,17.439
132,91651,West,49851,19.772
133,91662,West,51335,18.599
134,91673,West,50217,17.291
135,91684,West,50162,17.632
136,91695,West,50583,17.702
137,91706,West,51691,18.363
138,91717,West,51541,18.032
139,91728,West,50143,17.647
140,91739,West,49544,18.559
141,91750,West,49502,18.19
142,91761,West,55494,19.091
143,91772,West,50611,17.162
144,91783,West,51212,17.507
145,91794,West,54322,17.821
146,91805,West,49703,17.173
147,91816,West,51466,17.598
148,91827,West,52337,18.621
149,91838,West,50463,17.59
150,91849,West,48479,18.169
151,91860,West,51493,18.531
152,91871,West,48980,17.841
153,91882,West,51827,17.298
154,91893,West,49996,18.451
155,91904,West,52836,17.381
156,91915,West,51075,18.124
157,91926,West,52084,18.663
158,91937,West,53301,18.473
159,91948,West,51799,17.305
160,91959,West,51727,17.727
161,91970,West,48098,18.404
162,91981,West,48841,17.891
163,91992,West,50911,19.418
164,92003,West,50069,18.873
165,92014,West,50833,17.419
166,92025,West,49021,18.357
167,92036,West,48774,18.608
168,92047,West,50340,17.557
169,92058,West,51690,18.299
170,92069,West,51347,16.939
171,92080,West,56031,18.644
172,92091,West,51023,17.839
173,92102,West,49084,18.045
174,92113,West,54052,17.841
175,92124,West,54574,19.015
176,92135,West,49221,17.857
177,92146,West,53195,17.991
178,92157,West,52295,19.541
179,92168,West,52087,17.692
180,92179,West,52487,18.17
181,92190,West,49641,18.505
182,92201,West,53498,18.736
183,92212,West,54894,18.058
184,92223,West,48737,18.611
185,92234,West,50838,17.317
186,92245,West,47364,17.659
187,92256,West,49714,18.616
188,92267,West,52415,17.905
189,92278,West,52491,18.208
190,92289,West,55496,17.475
191,92300,West,49526,17.375
192,92311,West,51603,17.637
193,92322,West,50360,19.02
194,92333,West,51227,17.645
195,92344,West,48826,18.225
196,92355,West,50579,18.258
197,92366,West,49881,18.591
198,92377,West,50033,17.926
199,92388,West,51556,18.336
200,92399,West,51375,17.418
201,92410,West,50535,18.333
202,92421,West,48987,17.862
203,92432,West,55425,17.953
204,92443,West,51432,18.73
205,92454,West,52195,18.9
206,92465,West,49768,18.443
207,92476,West,51416,17.267
208,92487,West,51376,16.751
209,92498,West,52915,18.325
210,92509,West,52499,18.954
211,92520,West,51659,18.423
212,92531,West,50067,17.804
213,92542,West,53609,18.177
214,92553,West,55429,17.879
215,92564,West,49481,17.829
216,92575,West,51765,18.128
217,92586,West,49066,16.97
218,92597,West,48131,18.955
219,92608,West,48639,18.735
220,92619,West,52704,18.337
221,92630,West,48547,19.848
222,92641,West,50345,19.217
223,92652,West,52712,18.1
224,92663,West,49947,18.367
225,92674,West,47911,17.734
226,92685,West,49074,18.234
227,92696,West,48604,18.028
228,92707,West,56162,18.206
229,92718,West,53684,18.824
230,92729,West,50237,18.835
231,92740,West,51227,18.949
232,92751,West,53171,17.261
233,92762,West,49742,18.43
234,92773,West,50549,17.257
235,92784,West,54244,17.356
236,92795,West,49054,17.632
237,92806,West,51507,16.985
238,92817,West,49521,17.66
239,92828,West,48817,18.013
240,92839,West,50623,18.315
241,92850,West,47984,17.212
242,92861,West,50633,17.745
243,92872,West,47547,17.962
244,92883,West,55314,18.411
245,92894,West,51132,16.88
246,92905,West,51495,18.175
247,92916,West,53475,19.134
248,92927,West,53427,17.654
249,92938,West,51090,17.685
250,92949,West,48992,18.85
251,92960,West,50350,18.51
252,92971,West,49597,17.559
253,92982,West,48220,18.65
254,92993,West,47742,18.377
255,93004,West,48046,16.928
256,93015,West,49278,18.016
257,93026,West,50670,18.903
258,93037,West,52046,18.625
259,93048,West,47942,18.392
260,93059,West,50011,18.712
261,93070,West,52140,17.031
262,93081,West,52205,17.718
263,93092,West,52295,17.982
264,93103,West,50297,17.981
265,93114,West,49066,18.135
266,93125,West,49236,18.384
267,93136,West,51419,17.797
268,93147,West,52749,18.945
269,93158,West,51621,18.873
270,93169,West,51153,16.781
271,93180,West,49775,16.784
272,93191,West,48887,18.489
273,93202,West,50575,17.99
274,93213,West,52658,17.776
275,93224,West,55906,17.239
276,93235,West,51968,18.271
277,93246,West,48817,18.554
278,93257,West,51254,18.57
279,93268,West,51381,17.714
280,93279,West,54134,17.544
281,93290,West,51261,19.052
282,93301,West,47094,19.219
283,93312,West,54166,18.129
284,93323,West,51748,17.945
285,93334,West,49643,18.934
286,93345,West,51478,18.042
287,93356,West,48474,17.162
288,93367,West,51117,17.453
289,93378,West,50230,17.85
290,93389,West,52244,16.666
291,93400,West,50206,18.842
292,93411,West,49559,17.545
293,93422,West,52257,18.615
294,93433,West,51240,18.506
295,93444,West,49299,17.661
296,93455,West,51054,17.473
297,93466,West,49630,17.79
298,93477,West,50908,17.272
299,93488,West,49884,17.468
300,93499,West,52770,17.41
301,93510,West,50756,17.548
302,93521,West,51138,18.629
303,93532,West,51237,17.161
304,93543,West,53147,17.307
305,93554,West,53655,18.086
306,93565,West,91650,19.084
307,93576,West,95582,17.427
308,93587,West,108537,17.632
309,93598,West,102696,17.423
310,93609,West,103013,17.42
311,93620,West,79223,17.681
312,93631,West,83187,17.71
313,93642,West,116021,17.442
314,93653,West,98567,17.5
315,93664,West,116144,18.307
316,93675,West,80514,19.354
317,93686,West,104272,17.627
318,93697,West,79583,17.942
319,93708,West,91067,18.055
320,93719,West,85580,17.587
321,93730,West,99293,18.548
322,93741,West,85420,17.608
323,93752,West,117388,17.357
324,93763,West,88761,18.196
325,93774,West,117681,17.675
326,93785,West,108233,18.362
327,93796,West,109722,17.587
328,93807,West,102460,18.219
329,93818,West,112079,18.13
330,93829,West,101435,17.707
331,93840,West,95916,17.552
332,93851,West,120738,18.516
333,93862,West,112040,17.485
334,93873,West,99497,18.167
335,93884,West,89494,17.481
336,93895,West,96817,18.947
337,93906,West,94187,18.64
338,93917,West,99484,18.409
339,93928,West,84485,17.868
340,93939,West,94724,18.183
341,93950,West,116666,19.62
342,93961,West,106221,18.459
343,93972,West,111889,18.4
344,93983,West,97588,17.428
345,93994,West,104716,18.867
346,94005,West,112654,18.88
347,94016,West,91495,18.383
348,94027,West,111626,18.797
349,94038,West,104580,18.5
350,94049,West,115693,16.967
351,94060,West,106286,18.229
352,94071,West,99305,18.06
353,94082,West,115537,18.659
354,94093,West,97956,17.515
355,94104,West,100539,18.839
356,94115,West,117810,19.276
357,94126,West,92416,18.101
358,94137,West,102872,17.818
359,94148,West,106053,18.68
360,94159,West,95465,18.932
361,94170,West,100627,17.49
362,94181,West,97420,18.776
363,94192,West,104814,17.23
364,94203,West,109517,18.34
365,94214,West,96163,17.732
366,94225,West,100927,17.818
367,94236,West,96090,19.041
368,94247,West,108615,15.785
369,94258,West,85724,17.386
370,94269,West,109656,18.725
371,94280,West,83625,17.949
372,94291,West,109707,17.946
373,94302,West,101641,18.02
374,94313,West,107203,16.811
375,94324,West,110190,19.455
376,94335,West,112151,17.112
377,94346,West,109114,18.18
378,94357,West,97432,18.455
379,94368,West,92367,18.862
380,94379,West,96148,17.726
381,94390,West,113491,18.216
382,94401,West,95935,18.917
383,94412,West,110601,17.165
384,94423,West,107172,17.647
385,94434,West,106478,17.596
386,94445,West,96735,18.87
387,94456,West,98819,18.88
388,94467,West,108589,16.88
389,94478,West,105190,19.012
390,94489,West,102363,18.35
391,94500,West,117757,18.567
392,94511,West,99781,17.375
393,94522,West,87362,17.097
394,94533,West,96912,17.609
395,94544,West,118056,19.678
396,94555,West,107657,17.418
397,94566,West,105416,16.904
398,94577,West,100416,16.973
399,94588,West,100032,18.116
400,94599,West,89120,17.973
401,94610,West,100210,18.611
402,94621,West,108527,17.734
403,94632,West,95336,18.155
404,94643,West,107339,17.715
405,94654,West,98747,17.58
406,94665,West,92194,18.2
407,94676,West,101095,18.909
408,94687,West,96614,18.341
409,94698,West,95377,18.837
410,94709,West,104350,18.23
411,94720,West,94421,17.739
412,94731,West,98448,17.155
413,94742,West,103178,16.752
414,94753,West,98156,16.866
415,94764,West,101973,18.181
416,94775,West,115242,17.255
417,94786,East,20811,19.95
418,94797,East,23307,19.685
419,94808,East,22332,19.625
420,94819,East,19304,19.637
421,94830,East,21831,19.647
422,94841,East,20333,20.253
423,94852,East,20584,19.514
424,94863,East,21310,18.919
425,94874,East,19762,18.645
426,94885,East,19234,20.086
427,94896,East,19960,19.092
428,94907,East,20883,19.998
429,94918,East,21495,19.797
430,94929,East,23157,19.958
431,94940,East,21542,20.999
432,94951,East,20819,21.58
433,94962,East,20117,20.74
434,94973,East,21913,20.294
435,94984,East,20590,20.774
436,94995,East,21138,19.575
437,95006,East,21722,20.453
438,95017,East,20756,19.679
439,95028,East,19965,19.473
440,95039,East,21272,21.671
441,95050,East,20822,19.09
442,95061,East,19369,19.713
443,95072,East,21502,21.605
444,95083,East,21168,17.782
445,95094,East,20032,19.881
446,95105,East,21526,20.299
447,95116,East,21285,20.684
448,95127,East,22939,20.588
449,95138,East,21765,20.022
450,95149,East,19737,18.685
451,95160,East,18884,20.079
452,95171,East,21530,20.746
453,95182,East,20097,19.856
454,95193,East,21616,20.609
455,95204,East,20422,19.687
456,95215,East,22113,19.598
457,95226,East,19457,21.276
458,95237,East,19328,19.73
459,95248,East,20113,20.222
460,95259,East,21021,19.621
461,95270,East,19717,20.551
462,95281,East,18734,20.246
463,95292,East,20329,19.068
464,95303,East,21394,19.603
465,95314,East,20048,19.944
466,95325,East,22505,20.04
467,95336,East,20773,20.394
468,95347,East,21725,20.146
469,95358,East,21403,19.982
470,95369,East,20121,19.748
471,95380,East,19534,18.484
472,95391,East,20661,19.021
473,95402,East,22391,20.005
474,95413,East,21484,19.72
475,95424,East,20173,20.276
476,95435,East,19435,18.991
477,95446,East,20614,20.391
478,95457,East,22312,20.825
479,95468,East,20208,19.369
480,95479,East,20862,20.918
481,95490,East,21002,21.069
482,95501,East,20535,21.071
483,95512,East,22073,19.255
484,95523,East,21116,19.787
485,95534,East,21345,20.076
486,95545,East,20942,19.732
487,95556,East,20922,20.469
488,95567,East,19797,19.588
489,95578,East,22281,20.4
490,95589,East,18566,20.718
491,95600,East,22143,20.106
492,95611,East,22330,20.971
493,95622,East,20305,19.376
494,95633,East,20789,20.352
495,95644,East,20793,19.2
496,95655,East,20661,19.56
497,95666,East,22753,19.722
498,95677,East,19804,19.357
499,95688,East,21370,19.746
500,95699,East,20069,20.949
501,95710,East,22593,20.291
502,95721,East,21389,20.13
503,95732,East,21549,20.539
504,95743,East,19695,19.733
505,95754,East,20424,20.054
506,95765,East,22166,21.88
507,95776,East,20430,20.753
508,95787,East,20883,20.128
509,95798,East,19948,20.68
510,95809,East,21897,20.349
511,95820,East,19694,20.95
512,95831,East,19367,20.138
513,95842,East,22038,20.46
514,95853,East,22290,20.128
515,95864,East,20009,20.763
516,95875,East,21849,20.431
517,95886,East,19793,20.4
518,95897,East,22687,19.678
519,95908,East,21582,19.876
520,95919,East,21464,19.894
521,95930,East,21524,20.876
522,95941,East,22368,19.627
523,95952,East,20949,19.432
524,95963,East,22071,20.147
525,95974,East,20947,19.292
526,95985,East,19712,19.038
527,95996,East,22069,20.334
528,96007,East,20646,20.775
529,96018,East,19704,19.176
530,96029,East,20913,19.976
531,96040,East,21061,21.042
532,96051,East,20499,20.718
533,96062,East,21633,20.04
534,96073,East,20075,19.818
535,96084,East,20933,19.918
536,96095,East,20829,18.886
537,96106,East,20733,18.942
538,96117,East,22946,19.497
539,96128,East,21016,20.673
540,96139,East,22554,20.525
541,96150,East,20528,19.452
542,96161,East,22929,20.667
543,96172,East,22228,19.917
544,96183,East,19867,20.219
545,96194,East,21525,20.34
546,96205,East,21336,19.425
547,96216,East,20446,19.574
548,96227,East,19815,20.985
549,96238,East,21719,20.066
550,96249,East,21096,19.535
551,96260,East,20807,19.62
552,96271,East,21202,20.185
553,96282,East,18892,19.374
554,96293,East,20243,20.466
555,96304,East,21321,20.635
556,96315,East,22091,20.232
557,96326,East,22294,19.413
558,96337,East,19918,20.236
559,96348,East,20241,21.074
560,96359,East,19539,19.264
561,96370,East,22852,20.687
562,96381,East,17530,21.753
563,96392,East,22621,20.515
564,96403,East,21214,19.434
565,96414,East,20538,20.97
566,96425,East,21092,20.006
567,96436,East,19804,20.381
568,96447,East,19879,20.266
569,96458,East,20146,19.73
570,96469,East,21850,19.925
571,96480,East,20242,20.265
572,96491,East,21615,19.888
573,96502,East,23649,20.7
574,96513,East,20062,20.221
575,96524,East,20542,20.34
576,96535,East,21945,20.136
577,96546,East,20797,20.942
578,96557,East,20051,19.684
579,96568,East,20820,18.561
580,96579,East,22149,20.848
581,96590,East,21604,20.577
582,96601,East,20392,20.843
583,96612,East,20697,20.29
584,96623,East,21649,19.384
585,96634,East,21264,19.592
586,96645,East,20180,19.334
587,96656,East,20670,19.468
588,96667,East,21588,20.969
589,96678,East,20003,19.954
590,96689,East,20903,18.783
591,96700,East,22307,19.77
592,96711,East,21440,19.118
593,96722,East,21875,20.061
594,96733,East,20601,18.988
595,96744,East,21083,19.983
596,96755,East,19314,20.796
597,96766,East,20834,19.344
598,96777,East,22045,19.891
599,96788,East,20195,19.014
600,96799,East,20437,20.95
601,96810,East,21813,19.019
602,96821,East,20900,19.608
603,96832,East,21207,20.739
604,96843,East,21952,19.625
605,96854,East,23407,20.108
606,96865,East,21011,20.479
607,96876,East,22331,19.743
608,96887,East,20793,19.67
609,96898,East,21009,21.094
610,96909,East,21803,20.219
611,96920,East,20313,20.019
612,96931,East,20695,20.169
613,96942,East,21452,19.674
614,96953,East,20084,20.364
615,96964,East,22729,20.239
616,96975,East,20649,20.27
617,96986,East,21030,20.104
618,96997,East,20926,19.875
619,97008,East,21659,19.812
620,97019,East,21329,18.867
621,97030,East,23026,19.789
622,97041,East,21090,20.532
623,97052,East,22545,19.286
624,97063,East,20687,19.98
625,97074,East,20274,20.128
626,97085,East,20659,20.838
627,97096,East,21328,20.51
628,97107,East,20116,19.855
629,97118,East,20931,19.361
630,97129,East,20996,20.945
631,97140,East,22121,19.932
632,97151,East,22354,20.054
633,97162,East,21316,20.395
634,97173,East,20660,19.851
635,97184,East,19530,20.225
636,97195,East,20821,19.376
637,97206,East,23454,20.577
638,97217,East,19777,20.935
639,97228,East,18621,19.117
640,97239,East,20329,19.815
641,97250,East,22518,20.345
642,97261,East,22285,18.753
643,97272,East,21673,20.53
644,97283,East,20719,21.757
645,97294,East,21502,19.281
646,97305,East,20516,19.265
647,97316,East,20592,20.481
648,97327,East,20872,19.3
649,97338,East,20584,21.69
650,97349,East,20208,20.077
651,97360,East,18987,20.382
652,97371,East,18747,18.384
653,97382,East,20453,19.322
654,97393,East,22045,20.228
655,97404,East,19666,20.771
656,97415,East,20163,19.482
657,97426,East,19978,20.398
658,97437,East,21561,19.365
659,97448,East,18722,19.494
660,83514,East,19812,19.705
661,83535,East,20288,19.723
662,83556,East,20016,18.247
663,83577,East,20800,20.914
664,83598,East,21589,19.877
665,83619,East,20355,20.479
666,83640,East,20066,20.593
667,83661,East,20643,19.42
668,83682,East,20437,20.296
669,83703,East,21901,19.548
670,83724,East,22143,19.333
671,83745,East,21369,20.17
672,83766,East,20883,19.771
673,83787,East,21967,20.306
674,83808,East,19542,20.411
675,83829,East,21211,18.78
676,83850,East,18389,19.59
677,83871,East,21338,19.86
678,83892,East,21015,19.339
679,83913,East,20533,19.712
680,83934,East,20092,19.512
681,83955,East,20861,20.065
682,83976,East,21069,19.467
683,83997,East,21651,19.906
684,84018,East,22443,20.415
685,84039,East,20853,18.382
686,84060,East,22984,20.305
687,84081,East,21686,19.09
688,84102,East,19878,19.733
689,84123,East,22496,20.863
690,84144,East,22008,19.751
691,84165,East,22311,20.41
692,84186,East,21389,19.582
693,84207,East,20557,19.733
694,84228,East,19573,19.061
695,84249,East,21439,19.195
696,84270,East,22552,20.197
697,84291,East,22450,20.722
698,84312,East,21110,20.569
699,84333,East,21465,20.239
700,84354,East,19757,20.48
701,84375,East,20130,20.49
702,84396,East,20145,20.001
703,84417,East,21757,20.083
704,84438,East,19902,20.499
705,84459,East,19967,19.174
706,84480,East,21277,19.367
707,84501,East,20655,19.234
708,84522,East,20140,19.404
709,84543,East,20054,21.03
710,84564,East,21490,20.6
711,84585,East,20552,21.195
712,84606,East,21090,21.06
713,84627,East,20885,19.696
714,84648,East,19232,19.776
715,84669,East,20153,20.11
716,84690,East,21340,19.788
717,84711,East,21164,20.482
718,84732,East,23981,18.714
719,84753,East,20438,20.102
720,84774,East,19964,18.998
721,84795,East,20376,19.535
722,84816,East,20005,19.889
723,84837,East,23326,19.588
724,84858,East,19964,20.19
725,84879,East,20068,19.397
726,84900,East,19122,19.784
727,84921,East,20681,19.123
728,84942,East,21058,21.102
729,84963,East,21789,20.594
730,84984,East,20241,19.584
731,85005,East,21497,21.358
732,85026,East,22506,20.154
733,85047,East,20970,19.679
734,85068,East,20387,20.03
735,85089,East,20982,19.524
736,85110,East,20128,19.631
737,85131,East,22792,19.774
738,85152,East,22290,20.531
739,85173,East,20896,19.429
740,85194,East,20389,21.362
741,85215,East,20960,20.271
742,85236,East,19966,20.954
743,85257,East,21528,20.071
744,85278,East,21097,19.792
745,85299,East,22416,20.429
746,85320,East,19857,19.155
747,85341,East,21496,19.769
748,85362,East,18580,20.04
749,85383,East,18313,20.229
750,85404,East,21139,21.183
751,85425,East,21528,19.69
752,85446,East,21998,20.175
753,85467,East,21740,19.923
754,85488,East,22332,20.7
755,85509,East,21819,19.431
756,85530,East,21050,20.145
757,85551,East,21759,20.118
758,85572,East,22192,21.735
759,85593,East,21012,19.65
760,85614,East,20836,20.389
761,85635,East,20241,20.603
762,85656,East,22116,20.67
763,85677,East,22700,19.941
764,85698,East,21439,19.267
765,85719,East,21675,19.605
766,85740,East,20116,19.221
767,85761,East,22265,19.384
768,85782,East,21861,19.719
769,85803,East,21091,20.941
770,85824,East,20607,19.669
771,85845,East,21693,20.321
772,85866,East,19818,20.409
773,85887,East,21407,20.664
774,85908,East,21075,20.064
775,85929,East,20354,20.839
776,85950,East,20232,20.093
777,85971,East,20371,20.512
778,85992,East,20225,21.067
779,86013,East,20449,20.303
780,86034,East,21514,19.246
781,86055,East,22001,20.41
782,86076,East,22395,21.382
783,86097,East,21560,20.304
784,86118,East,21288,20.556
785,86139,East,19708,19.856
786,86160,East,19392,19.997
787,86181,East,21035,20.47
788,86202,East,20069,20.395
789,86223,East,21463,19.735
790,86244,East,19639,20.782
791,86265,East,20386,20.249
792,86286,East,22510,20.136
793,86307,East,22099,19.704
794,86328,East,20462,20.625
795,86349,East,21608,19.497
796,86370,East,20157,19.895
797,86391,East,19389,19.068
798,86412,East,19413,20.397
799,86433,East,20397,19.833
800,86454,East,21199,20.825
801,86475,East,21745,20.594
802,86496,East,21187,20.539
803,86517,East,22074,19.852
804,86538,East,20877,20.49
805,86559,East,22200,20.042
806,86580,East,21148,20.727
807,86601,East,21312,19.472
808,86622,East,19027,20.159
809,86643,East,19843,20.94
810,86664,East,20442,18.948
811,86685,East,20623,19.599
812,86706,East,19957,19.975
813,86727,East,19836,19.391
814,86748,East,22009,19.593
815,86769,East,21154,21.124
816,86790,East,19897,22.254
817,86811,East,19103,19.825
818,86832,East,21590,19.82
819,86853,East,20657,19.7
820,86874,East,21334,20.456
821,86895,East,21760,21.134
822,86916,East,21295,20.111
823,86937,East,21670,20.58
824,86958,East,21613,19.348
825,86979,East,19630,19.484
826,87000,East,20584,20.112
827,87021,East,20789,19.702
828,87042,East,20989,20.483
829,87063,East,20270,20.998
830,87084,East,20407,20.252
831,87105,East,21493,20.485
832,87126,East,19374,19.959
833,87147,East,20928,20.499
834,87168,East,20032,19.46
835,87189,East,21320,20.279
836,87210,East,20146,20.095
837,87231,East,21337,19.567
838,87252,East,21890,19.984
839,87273,East,22108,19.819
840,87294,East,19851,19.834
841,87315,East,22813,20.392
842,87336,East,20824,21.406
843,87357,East,19922,21.157
844,87378,East,21079,19.397
845,87399,East,22548,20.646
846,87420,East,19712,20.09
847,87441,East,21763,19.663
848,87462,East,20016,19.941
849,87483,East,22506,20.839
850,87504,East,22126,20.248
851,87525,East,19417,20.62
852,87546,East,20549,19.841
853,87567,East,20149,19.778
854,87588,East,19974,20.082
855,87609,East,20140,19.743
856,87630,East,20431,19.615
857,87651,East,18909,19.381
858,87672,East,21456,19.045
859,87693,East,20851,19.33
860,87714,East,20090,19.718
861,87735,East,20002,19.969
862,87756,East,21558,21.644
863,87777,East,19688,20.805
864,87798,East,20886,20.877
865,87819,East,21400,20.071
866,87840,East,21818,20.42
867,87861,East,22155,20.004
868,87882,East,20572,21.646
869,87903,East,20623,21.194
870,87924,East,20925,19.865
871,87945,East,21483,19.477
872,87966,East,20127,20.22
873,87987,East,20437,20.551
874,88008,East,22851,20.389
875,88029,East,21121,20.457
876,88050,East,21364,20.856
877,88071,East,20618,19.726
878,88092,East,19994,20.033
879,88113,East,21704,20.62
880,88134,East,24832,21.207
881,88155,East,21629,19.725
882,88176,East,21631,19.682
883,88197,East,20461,20.508
884,88218,East,19999,20.638
885,88239,East,21417,20.05
886,88260,East,19710,20.343
887,88281,East,19839,19.787
888,88302,East,19581,19.789
889,88323,East,19745,18.739
890,88344,East,20866,19.193
891,88365,East,22760,20.749
892,88386,East,20500,20.633
893,88407,East,21779,19.39
894,88428,East,21466,19.835
895,88449,East,21105,18.471
896,88470,East,20339,20.412
897,88491,East,21132,19.757
898,88512,East,19546,20.196
899,88533,East,23109,20.499
900,88554,East,19760,19.914
901,88575,East,20364,20.387
902,88596,East,19045,19.638
903,88617,East,20268,19.905
904,88638,East,19775,19.45
905,88659,East,20833,18.95
906,88680,East,20942,20.422
907,88701,East,20534,19.123
908,88722,East,18452,21.499
909,88743,East,20972,20.31
910,88764,East,19057,18.626
911,88785,East,22039,19.257
912,88806,East,21633,19.787
913,88827,East,21307,20.357
914,88848,East,23632,19.918
915,88869,East,17958,18.941
916,88890,East,20183,19.512
917,88911,East,21588,20.234
918,88932,East,19898,19.911
919,88953,East,20805,20.026
920,88974,East,22688,19.832
921,88995,East,21748,19.046
922,89016,East,22999,20.423
923,89037,East,19815,20.216
924,89058,East,20795,19.672
925,89079,East,21684,20.176
926,89100,East,22356,19.725
927,89121,East,21800,20.457
928,89142,East,18679,19.12
929,89163,East,21137,21.037
930,89184,East,22780,20.487
931,89205,East,20768,21.101
932,89226,East,22473,18.848
933,89247,East,21045,20.266
934,89268,East,21919,20.537
935,89289,East,20918,20.42
936,89310,East,21347,19.624
937,89331,East,20815,19.587
938,89352,East,19638,20.769
939,89373,East,19758,20.864
940,89394,East,21203,19.593
941,89415,East,23163,20.527
942,89436,East,23081,19.706
943,89457,East,20445,20.711
944,89478,East,20695,20.242
945,89499,East,22959,20.417
946,89520,East,20407,20.927
947,89541,East,21448,18.461
948,89562,East,20008,19.789
949,89583,East,21962,19.899
950,89604,East,21183,19.791
951,89625,East,23047,20.618
952,89646,East,21995,19.529
953,89667,East,21057,20.628
954,89688,East,23772,20.427
955,89709,East,20482,20.147
956,89730,East,20702,20.573
957,89751,East,20495,21.058
958,89772,East,21370,20.189
959,89793,East,20247,20.774
960,89814,East,21789,19.498
961,89835,East,19572,20.205
962,89856,East,22951,20.13
963,89877,East,20387,20
964,89898,East,22043,19.106
965,89919,East,21631,20.106
966,89940,East,21320,19.748
967,89961,East,20373,19.609
968,89982,East,21643,19.75
969,2145,East,21264,19.868
970,2164,East,20397,19.36
971,2183,East,19216,19.91
972,2202,East,20229,20.359
973,2221,East,19791,19.45
974,2240,East,23129,19.654
975,2259,East,21814,19.747
976,2278,East,20998,19.691
977,2297,East,20614,19.198
978,2316,East,19839,19.817
979,2335,East,20511,20.367
980,2354,East,23320,19.808
981,2373,East,19946,19.327
982,2392,East,20070,19.77
983,2411,East,22521,20.067
984,2430,East,21092,20.655
985,2449,East,19337,20.127
986,2468,East,22362,19.697
987,2487,East,19564,20.748
988,2506,East,19297,19.663
989,2525,East,19961,19.353
990,2544,East,21769,20.191
991,2563,East,19685,19.685
992,2582,East,20949,19.708
993,2601,East,21563,20.673
994,2620,East,20881,20.028
995,2639,East,21159,19.445
996,2658,East,20943,20.442
997,2677,East,22030,19.523
998,2696,East,22041,19.321
999,2715,East,20878,19.974
1000,2734,East,21284,20.156
1001,2753,East,19395,20.833
1002,2772,East,21589,19.055
1003,2791,East,23217,20.7
1004,2810,East,21930,20.747
1005,2829,East,21773,20.658
1006,2848,East,19854,20.159
1007,2867,East,20779,19.088
1008,2886,East,22146,20.531
1009,2905,East,20739,20.229
1010,2924,East,20763,19.515
1011,2943,East,21739,19.866
1012,2962,East,20656,19.594
1013,2981,East,20795,19.247
1014,3000,East,20470,19.509
1015,3019,East,19959,19.212
1016,3038,East,21076,19.879
1017,3057,East,20145,20.681
1018,3076,East,21240,20.185
1019,3095,East,19986,19.662
1020,3114,East,21574,20.431
1021,3133,East,20344,20.243
1022,3152,East,20172,20.15
1023,3171,East,20527,19.908
1024,3190,East,20184,19.954
1025,3209,East,20137,20.344
1026,3228,East,21466,19.245
1027,3247,East,20500,18.857
1028,3266,East,20947,19.904
1029,3285,East,19768,18.451
1030,3304,East,21296,20.386
1031,3323,East,19358,19.645
1032,3342,East,20287,19.647
1033,3361,East,21541,18.515
1034,3380,East,20765,20.191
1035,3399,East,20774,19.868
1036,3418,East,22074,19.988
1037,3437,East,21759,20.364
1038,3456,East,21659,19.575
1039,3475,East,21405,19.133
1040,3494,East,21747,19.718
1041,3513,East,18986,19.492
1042,3532,East,20147,19.942
1043,3551,East,22083,19.999
1044,3570,East,19452,19.431
1045,3589,East,21752,21.06
1046,3608,East,19639,20.027
1047,3627,East,23767,20.096
1048,3646,East,20276,18.815
1049,3665,East,21671,19.936
1050,3684,East,20472,20.273
1051,3703,East,20850,20.6
1052,3722,East,23470,19.456
1053,3741,East,21230,20.631
1054,3760,East,20941,19.037
1055,3779,East,22009,19.129
1056,3798,East,21228,20.725
1057,3817,East,18862,20.505
1058,3836,East,18837,20.13
1059,3855,East,18997,20.686
1060,3874,East,21677,20.955
1061,3893,East,20522,20.476
1062,3912,East,22350,20.327
1063,3931,East,19932,19.793
1064,3950,East,20617,19.399
1065,3969,East,22152,19.521
1066,3988,East,21031,20.353
1067,4007,East,20132,20.449
1068,4026,East,20885,19.857
1069,4045,East,22396,20.714
1070,4064,East,19015,19.176
1071,4083,East,21757,20.334
1072,4102,East,20825,19.105
1073,4121,East,20724,20.521
1074,4140,East,19584,20.997
1075,4159,East,22166,18.998
1076,4178,East,20573,19.493
1077,4197,East,21177,20.467
1078,4216,East,18723,19.151
1079,4235,East,19947,20.901
1080,4254,East,19343,18.379
1081,4273,East,22322,19.708
1082,4292,East,20482,20.687
1083,4311,East,20879,20.243
1084,4330,East,21931,20.28
1085,4349,East,20926,20.26
1086,4368,East,20205,20.127
1087,4387,East,22043,19.039
1088,4406,East,22075,20.732
1089,4425,East,21194,21.68
1090,4444,East,21004,20.166
1091,4463,East,20972,19.814
1092,4482,East,20054,21.515
1093,4501,East,22062,19.692
1094,4520,East,22277,19.956
1095,4539,East,22427,19.966
1096,4558,East,18569,20.311
1097,4577,East,21107,20.286
1098,4596,East,21473,20.327
1099,4615,East,20768,20.762
1100,4634,East,21942,21.159
1101,4653,East,21094,20.039
1102,4672,East,21661,19.771
1103,4691,East,21837,19.555
1104,4710,East,23104,21.337
1105,4729,East,20903,20.36
1106,4748,East,21426,19.154
1107,4767,East,19327,20.458
1108,4786,East,20780,19.814
1109,4805,East,20402,20.177
1110,4824,East,20696,19.38
1111,4843,East,20212,19.567
1112,4862,East,22729,20.4
1113,4881,East,20914,19.603
1114,4900,East,20990,19.737
1115,4919,East,19557,20.056
1116,4938,East,19726,20.206
1117,4957,East,21764,20.151
1118,4976,East,20820,20.125
1119,4995,East,22325,18.967
1120,5014,East,22118,20.776
1121,5033,East,22278,20.436
1122,5052,East,21109,20.363
1123,5071,East,21783,20.401
1124,5090,East,21522,19.889
1125,5109,East,21044,19.39
1126,5128,East,22164,19.292
1127,5147,East,19619,20.953
1128,5166,East,20832,19.943
1129,5185,East,22633,19.484
1130,5204,East,20392,20.259
1131,5223,East,21702,20.249
1132,5242,East,20790,21.124
1133,5261,East,22531,19.965
1134,5280,East,21730,20.125
1135,5299,East,20707,18.719
1136,5318,East,22108,20.111
1137,5337,East,21198,20.472
1138,5356,East,20193,18.795
1139,5375,East,21143,20.445
1140,5394,East,21227,19.865
1141,5413,East,20942,20.582
1142,5432,East,19674,21.31
1143,5451,East,21466,19.758
1144,5470,East,20780,19.818
1145,5489,East,21120,20.155
1146,13945,East,20044,19.782
1147,13966,East,21368,19.8
1148,13987,East,22276,21.077
1149,14008,East,19353,19.734
1150,14029,East,19824,19.727
1151,14050,East,20769,19.988
1152,14071,East,20771,20.64
1153,14092,East,20212,18.468
1154,14113,East,20946,20.341
1155,14134,East,18154,20.174
1156,14155,East,20950,20.931
1157,14176,East,19251,20.354
1158,14197,East,21026,20.075
1159,14218,East,22323,19.797
1160,14239,East,20825,18.691
1161,14260,East,20961,18.741
1162,14281,East,20935,20.176
1163,14302,East,20848,20.048
1164,14323,East,22726,19.099
1165,14344,East,21291,20.452
1166,14365,East,20308,20.462
1167,14386,East,22841,19.281
1168,14407,East,21227,18.212
1169,14428,East,21163,21.287
1170,14449,East,22212,19.985
1171,14470,East,20779,20.032
1172,14491,East,20671,19.399
1173,14512,East,21179,18.652
1174,14533,East,21738,19.84
1175,14554,East,20546,21.115
1176,14575,East,22619,19.773
1177,14596,East,19658,20.352
1178,14617,East,21237,21.495
1179,14638,East,21010,19.911
1180,14659,East,20856,20.588
1181,14680,East,22386,19.779
1182,14701,East,20723,20.114
1183,14722,East,21857,20.363
1184,14743,East,19869,19.39
1185,14764,East,21935,18.063
1186,14785,East,21548,20.805
1187,14806,East,20080,19.842
1188,14827,East,22123,20.14
1189,14848,East,21923,20.877
1190,14869,East,22833,20.791
1191,14890,East,19303,18.321
1192,14911,East,18832,19.361
1193,14932,East,20833,19.66
1194,14953,East,20365,20.047
1195,14974,East,21574,20.35
1196,14995,East,21867,18.971
1197,15016,East,20089,20.162
1198,15037,East,21142,19.818
1199,15058,East,20496,19.902
1200,15079,East,20442,20.757
1201,15100,East,19269,19.602
1202,15121,East,22020,20.083
1203,15142,East,20762,19.937
1204,15163,East,21051,19.201
1205,15184,East,21232,21.483
1206,15205,East,20443,19.765
1207,15226,East,19813,20.017
1208,15247,East,20891,20.233
1209,15268,East,22317,20.552
1210,15289,East,20453,19.464
1211,15310,East,22216,20.265
1212,15331,East,22847,20.032
1213,15352,East,21919,19.059
1214,15373,East,20703,19.827
1215,15394,East,21602,20.783
1216,15415,East,20559,20.752
1217,15436,East,21156,19.27
1218,15457,East,21503,18.805
1219,15478,East,21250,19.582
1220,15499,East,20635,20.545
1221,15520,East,20725,20.788
1222,15541,East,20616,20.519
1223,15562,East,21598,19.945
1224,15583,East,21278,19.487
1225,15604,East,21806,20.749
1226,15625,East,20106,21.652
1227,15646,East,21172,19.881
1228,15667,East,19943,19.494
1229,15688,East,21016,19.371
1230,15709,East,21407,19.453
1231,15730,East,21174,19.471
1232,15751,East,22471,20.555
1233,15772,East,21737,19.027
1234,15793,East,20666,20.173
1235,15814,East,19855,19.562
1236,15835,East,22338,20.207
1237,15856,East,21411,20.412
1238,15877,East,21237,19.334
1239,15898,East,21646,20.62
1240,15919,East,21084,19.658
1241,15940,East,19901,19.299
1242,15961,East,20596,20.591
1243,15982,East,22722,20.046
1244,16003,East,20618,21.079
1245,16024,East,22613,19.363
1246,16045,East,20679,19.519
1247,16066,East,21346,20.128
1248,16087,East,20533,20.775
1249,16108,East,22039,20.249
1250,16129,East,21888,19.433
1251,16150,East,21229,21.015
1252,16171,East,19548,20.227
1253,16192,East,21436,20.937
1254,16213,East,23416,19.071
1255,16234,East,20278,20.194
1256,16255,East,19528,20.048
1257,16276,East,22148,21.052
1258,16297,East,22083,19.573
1259,16318,East,21854,19.547
1260,16339,East,22537,19.764
1261,16360,East,21808,20.807
1262,16381,East,21648,19.974
1263,16402,East,20163,19.146
1264,16423,East,22802,19.791
1265,16444,East,20112,19.885
1266,16465,East,19039,20.255
1267,16486,East,19649,19.837
1268,16507,East,20129,19.825
1269,16528,East,22629,19.531
1270,16549,East,22305,19.875
1271,16570,East,22574,19.249
1272,16591,East,21560,20.157
1273,16612,East,19853,19.875
1274,16633,East,21382,20.665
1275,16654,East,21148,20.174
1276,16675,East,21343,19.469
1277,16696,East,21187,19.49
1278,16717,East,21648,19.341
1279,16738,East,22789,18.323
1280,16759,East,20384,19.586
1281,16780,East,20893,19.336
1282,16801,East,20432,19.611
1283,16822,East,22011,19.811
1284,16843,East,21793,19.321
1285,16864,East,18815,20.32
1286,16885,East,20921,20.323
1287,16906,East,20260,20.565
1288,16927,East,19569,19.973
1289,16948,East,21468,20.132
1290,16969,East,21712,18.704
1291,16990,East,20716,20.503
1292,17011,East,21419,18.648
1293,17032,East,21550,20.538
1294,17053,East,19717,20.493
1295,17074,East,21178,20.69
1296,17095,East,22052,20.778
1297,17116,East,20739,21.421
1298,17137,East,19261,20.367
1299,17158,East,19037,19.556
1300,17179,East,21034,18.891
1301,17200,East,22190,19.958
1302,17221,East,21532,20.618
1303,17242,East,21084,19.249
1304,17263,East,20825,19.772
1305,17284,East,20041,19.009
1306,17305,East,20882,20.103
1307,17326,East,19718,20.132
1308,17347,East,20326,20.088
1309,17368,East,21715,19.702
1310,17389,East,20768,19.913
1311,17410,East,19501,19.044
1312,17431,East,20517,19.588
1313,17452,East,20346,20.236
1314,17473,East,21736,20.236
1315,17494,East,21227,19.962
1316,17515,East,21177,19.926
1317,17536,East,22214,20.168
1318,17557,East,20155,20.005
1319,17578,East,21740,20.366
1320,17599,East,20863,19.246
1321,17620,East,21375,19.474
1322,17641,East,20827,19.609
1323,17662,East,21292,18.989
1324,17683,East,22184,19.421
1325,17704,East,20696,19.279
1326,17725,East,21506,20.878
1327,17746,East,20769,20.48
1328,17767,East,21035,20.759
1329,17788,East,21691,19.732
1330,17809,East,19932,19.527
1331,17830,East,21506,19.648
1332,17851,East,21974,19.87
1333,17872,East,22951,20.28
1334,17893,East,20890,20.374
1335,17914,East,22791,19.616
1336,17935,East,20943,20.069
1337,17956,East,19490,19.954
1338,17977,East,20834,18.568
1339,17998,East,21020,20.683
1340,18019,East,21447,20.067
1341,18040,East,20671,20.302
1342,18061,East,20279,20.38
1343,18082,East,20962,19.716
1344,18103,East,19333,20.548
1345,18124,East,22462,20.052
1346,18145,East,21954,20.534
1347,18166,East,21333,19.951
1348,18187,East,21573,21.047
1349,18208,East,20366,19.656
1350,18229,East,21427,20.143
1351,18250,East,21175,20.382
1352,18271,East,20590,20.69
1353,18292,East,21016,19.821
1354,18313,East,21151,20.433
1355,18334,East,21752,20.126
1356,18355,East,19906,19.67
1357,18376,East,21105,21.494
1358,18397,East,20830,20.427
1359,18418,East,21793,19.707
1360,18439,East,20343,19.728
1361,18460,East,22190,19.083
1362,18481,East,21960,20.287
1363,18502,East,19830,20.037
1364,18523,East,19796,19.621
1365,18544,East,19747,19.776
1366,18565,East,22515,21.273
1367,18586,East,20955,19.769
1368,18607,East,21973,19.683
1369,18628,East,22801,18.728
1370,18649,East,21019,20.285
1371,18670,East,20745,19.923
1372,18691,East,21648,19.987
1373,18712,East,19050,19.296
1374,18733,East,20409,20.166
1375,18754,East,20939,19.988
1376,18775,East,20981,19.36
1377,18796,East,21045,20.905
1378,18817,East,20655,18.897
1379,18838,East,22669,19.952
1380,18859,East,22341,19.42
1381,18880,East,23289,19.391
1382,18901,East,21290,20.572
1383,18922,East,22172,20.044
1384,18943,East,20913,20.308
1385,18964,East,20245,19.854
1386,18985,East,21392,19.481
1387,19006,East,21599,18.745
1388,19027,East,20215,18.797
1389,19048,East,21325,19.765
1390,19069,East,21308,20.126
1391,19090,East,20668,20.436
1392,19111,East,20176,20.852
1393,19132,East,19323,19.687
1394,19153,East,22605,19.279
1395,19174,East,20848,20.589
1396,19195,East,21390,20.096
1397,19216,East,21287,19.471
1398,19237,East,22028,20.423
1399,19258,East,20433,19.339
1400,19279,East,20544,20.43
1401,19300,East,19057,20.307
1402,19321,East,21204,19.649
1403,19342,East,21625,20.387
1404,27606,East,22291,20.31
1405,27620,East,20016,19.648
1406,27634,East,20216,18.939
1407,27648,East,18048,19.174
1408,27662,East,19475,21.095
1409,27676,East,20585,19.737
1410,27690,East,20795,19.726
1411,27704,East,19098,19.611
1412,27718,East,21483,19.635
1413,27732,East,20263,18.99
1414,27746,East,21688,20.091
1415,27760,East,23818,20.203
1416,27774,East,20512,20.931
1417,27788,East,21533,19.548
1418,27802,East,21958,19.211
1419,27816,East,19501,19.052
1420,27830,East,21644,20.416
1421,27844,East,21299,19.223
1422,27858,East,21583,19.051
1423,27872,East,21480,20.392
1424,27886,East,21034,20.009
1425,27900,East,20153,21.311
1426,27914,East,21372,19.561
1427,27928,East,22691,19.381
1428,27942,East,21387,19.806
1429,27956,East,20373,19.154
1430,27970,East,20296,19.715
1431,27984,East,19394,19.535
1432,27998,East,20854,19.597
1433,28012,East,21537,20.887
1434,28026,East,21948,19.221
1435,28040,East,19889,19.556
1436,28054,East,20613,20.363
1437,28068,East,20587,21.014
1438,28082,East,21899,20.058
1439,28096,East,23481,19.841
1440,28110,East,19785,20.796
1441,28124,East,20796,20.047
1442,28138,East,19953,20.128
1443,28152,East,19923,18.955
1444,28166,East,20326,20.067
1445,28180,East,20811,20.783
1446,28194,East,21971,19.175
1447,28208,East,18776,19.951
1448,28222,East,19353,21.113
1449,28236,East,20903,19.58
1450,28250,East,19547,20.519
1451,28264,East,19987,19.397
1452,28278,East,20448,19.984
1453,28292,East,20465,19.579
1454,28306,East,21915,19.16
1455,28320,East,22189,20.834
1456,28334,East,21161,19.767
1457,28348,East,21235,19.346
1458,28362,East,20174,20.968
1459,28376,East,19388,20.456
1460,28390,East,20536,18.614
1461,28404,East,22755,19.874
1462,28418,East,21788,19.985
1463,28432,East,20282,19.933
1464,28446,East,21634,20.565
1465,28460,East,20967,21.303
1466,28474,East,21223,19.747
1467,28488,East,19909,21.015
1468,28502,East,21300,19.863
1469,28516,East,22947,19.582
1470,28530,East,21226,20.168
1471,28544,East,22534,20.589
1472,28558,East,20951,19.061
1473,28572,East,20362,19.816
1474,28586,East,20284,20.286
1475,28600,East,21673,19.566
1476,28614,East,22496,20.193
1477,28628,East,21183,19.42
1478,28642,East,21191,19.944
1479,28656,East,21261,19.567
1480,28670,East,19813,19.994
1481,28684,East,20668,20.166
1482,28698,East,21547,19.034
1483,28712,East,20216,20.384
1484,28726,East,20630,20.198
1485,28740,East,20226,19.306
1486,28754,East,21249,20.705
1487,28768,East,20704,19.808
1488,28782,East,21362,19.319
1489,28796,East,21098,19.533
1490,28810,East,20392,20.283
1491,28824,East,22397,19.655
1492,28838,East,21538,19.746
1493,28852,East,20911,19.633
1494,28866,East,20325,21.004
1495,28880,East,22145,20.452
1496,28894,East,20819,20.216
1497,28908,East,21890,21.103
1498,28922,East,22366,19.453
1499,28936,East,20507,19.212
1500,28950,East,19707,19.993
1501,28964,East,19882,20.286
1502,28978,East,22457,20.15
1503,28992,East,20820,19.182
1504,29006,East,21956,20.73
1505,29020,East,21206,20.798
1506,29034,East,22206,20.419
1507,29048,East,20856,19.638
1508,29062,East,21850,19.8
1509,29076,East,21726,20.889
1510,29090,East,20072,19.55
1511,29104,East,19324,18.316
1512,29118,East,21687,21.166
1513,29132,East,20689,20.22
1514,29146,East,20552,19.377
1515,29160,East,20488,19.747
1516,29174,East,21143,19.898
1517,29188,East,21103,18.723
1518,29202,East,21643,19.409
1519,29216,East,20809,20.317
1520,29230,East,22755,19.832
1521,29244,East,22178,19.778
1522,29258,East,19976,20.621
1523,29272,East,23058,20.475
1524,29286,East,21124,19.055
1525,29300,East,18691,19.1
1526,29314,East,19684,19.363
1527,29328,East,22565,21.151
1528,29342,East,21955,19.102
1529,29356,East,20636,20.107
1530,29370,East,19700,19.921
1531,29384,East,19419,19.954
1532,29398,East,20312,19.848
1533,29412,East,21519,20.723
1534,29426,East,21396,19.81
1535,29440,East,21986,20.512
1536,29454,East,20324,20.439
1537,29468,East,21724,20.196
1538,29482,East,22641,20.22
1539,29496,East,21266,20.215
1540,29510,East,21941,19.224
1541,29524,East,20026,20.676
1542,29538,East,21577,20.002
1543,29552,East,21459,20.516
1544,29566,East,21797,20.644
1545,29580,East,21531,20.05
1546,29594,East,21279,19.709
1547,29608,East,20035,19.37
1548,29622,East,20642,21.348
1549,29636,East,21017,20.509
1550,29650,East,21126,20.726
1551,29664,East,20978,20.289
